id_venda,cnpj,data,valor,id_contrato
0,186019663311031,2017-08-26,102.47132532147836,101_0
1,186019663311031,2017-02-19,133.17757667727818,101_0
2,186019663311031,2017-06-22,54.90449610895604,101_0
3,186019663311031,2017-02-28,86.04969326076397,101_0
4,186019663311031,2017-01-02,59.5662830239558,101_0
5,186019663311031,2017-03-25,117.94907063464271,101_0
6,186019663311031,2017-01-17,85.78944077217874,101_0
7,186019663311031,2017-09-03,22.003222992825243,101_0
8,186019663311031,2017-08-20,190.0401921621033,101_0
9,186019663311031,2017-07-26,18.059334396181086,101_0
10,186019663311031,2017-01-15,145.5983877108619,101_0
11,186019663311031,2017-01-01,70.52170375255596,101_0
12,186019663311031,2017-06-29,104.84421002962375,101_0
13,186019663311031,2017-05-17,172.32089265172408,101_0
14,186019663311031,2017-09-01,82.05688949057793,101_0
15,493521245979014,2017-04-27,94.9338411627216,214_0
16,493521245979014,2017-08-30,178.9021866684813,214_0
17,493521245979014,2017-06-16,45.5382255584645,214_0
18,493521245979014,2017-01-16,152.38023826668342,214_0
19,340250149082996,2017-10-01,96.7633211578609,765_0
20,340250149082996,2017-05-02,180.9939110825963,765_0
21,340250149082996,2017-04-01,171.1450971669748,765_0
22,340250149082996,2017-06-23,64.51545272551198,765_0
23,340250149082996,2017-07-13,78.9528163701977,765_1
24,340250149082996,2017-02-07,31.98296971066022,765_0
25,104434451809103,2017-02-25,168.48293965478848,186_0
26,104434451809103,2017-04-10,87.76146892651246,186_0
27,104434451809103,2017-09-07,30.644005157912588,186_0
28,104434451809103,2017-04-25,54.55739690227525,186_0
29,104434451809103,2017-09-22,35.94411905456522,186_0
30,691048183030636,2017-04-24,28.95657095845252,461_0
31,691048183030636,2017-01-22,153.45077975645194,461_0
32,691048183030636,2017-03-25,130.82742862472907,461_0
33,691048183030636,2017-06-09,93.04071636926773,461_0
34,691048183030636,2017-07-03,101.72459088445788,461_0
35,691048183030636,2017-05-02,153.14072676191088,461_0
36,691048183030636,2017-04-30,153.83035923162623,461_2
37,691048183030636,2017-06-21,99.9590491540513,461_0
38,691048183030636,2017-02-09,148.30419624412414,461_0
39,691048183030636,2017-06-14,60.15977923812166,461_0
40,691048183030636,2017-01-27,52.05383771850131,461_0
41,762725999738083,2017-02-22,18.79296613964022,667_0
42,762725999738083,2017-02-15,180.5367208226653,667_0
43,762725999738083,2017-01-17,127.35384318463963,667_0
44,762725999738083,2017-08-03,187.71510815008813,667_1
45,762725999738083,2017-09-07,195.35700307738205,667_0
46,762725999738083,2017-01-12,169.61908089203223,667_0
47,762725999738083,2017-07-05,18.31893598278852,667_1
48,762725999738083,2017-02-19,89.16658765665461,667_0
49,762725999738083,2017-08-11,155.33159497273854,667_0
50,762725999738083,2017-04-04,123.24504807571185,667_0
51,762725999738083,2017-06-09,101.54066630362948,667_0
52,628051489510257,2017-04-09,114.67089699233661,765_0
53,628051489510257,2017-07-16,195.26658078820364,765_1
54,628051489510257,2017-01-09,102.40396491200922,765_0
55,229360718317118,2017-01-02,101.40136321276212,351_0
56,229360718317118,2017-01-09,161.55763869895884,351_0
57,229360718317118,2017-01-25,137.68006317438204,351_0
58,229360718317118,2017-10-03,71.36221496455337,351_0
59,229360718317118,2017-03-22,21.956466222831153,351_0
60,229360718317118,2017-06-07,35.373405016347334,351_0
61,229360718317118,2017-08-26,125.25783806200558,351_2
62,229360718317118,2017-05-22,175.60063579091675,351_2
63,229360718317118,2017-03-30,42.28749671006969,351_0
64,376460890391345,2017-02-06,174.85491700139008,101_0
65,376460890391345,2017-07-30,182.2418376291422,101_0
66,376460890391345,2017-06-10,117.78876144857321,101_0
67,309062759455541,2017-07-18,183.70401865865577,861_0
68,309062759455541,2017-06-18,169.59240505563102,861_0
69,309062759455541,2017-05-11,148.0699343541125,861_0
70,309062759455541,2017-06-29,185.00209664030754,861_0
71,186007468441372,2017-08-19,137.21541706117594,835_0
72,186007468441372,2017-06-03,126.3833601001082,835_0
73,186007468441372,2017-08-21,186.82152914579513,835_1
74,186007468441372,2017-04-23,29.824648199466168,835_0
75,186007468441372,2017-07-23,194.80612418826536,835_0
76,186007468441372,2017-05-07,31.260294119289497,835_0
77,519624454411170,2017-07-14,93.91784841425601,352_0
78,712384341160565,2017-01-29,14.813588912267566,101_0
79,712384341160565,2017-06-19,178.4069107536016,101_0
80,712384341160565,2017-09-08,39.68318064650975,101_2
81,712384341160565,2017-03-30,152.7014379851391,101_0
82,712384341160565,2017-04-06,147.25312613762813,101_0
83,712384341160565,2017-01-14,69.36111704585103,101_0
84,712384341160565,2017-02-18,72.46570774415311,101_0
85,712384341160565,2017-01-19,154.5237985400059,101_0
86,712384341160565,2017-07-19,92.2626762757238,101_2
87,712384341160565,2017-03-07,146.94529803798875,101_0
88,712384341160565,2017-07-25,98.93317335139855,101_2
89,712384341160565,2017-09-24,13.579193177942162,101_2
90,515257581557204,2017-09-22,74.09839961256537,493_0
91,515257581557204,2017-06-04,91.81676211329616,493_0
92,515257581557204,2017-01-10,26.351136628765115,493_0
93,515257581557204,2017-04-19,16.186265321029644,493_0
94,515257581557204,2017-08-17,83.01906092519455,493_0
95,515257581557204,2017-05-27,97.49957707834699,493_0
96,515257581557204,2017-03-28,159.63178545191485,493_0
97,164001032134327,2017-06-10,13.424646612366299,545_0
98,164001032134327,2017-02-01,186.3110733045269,545_0
99,164001032134327,2017-05-06,60.008524680270206,545_0
100,164001032134327,2017-01-07,39.130960713141775,545_0
101,164001032134327,2017-05-18,157.4992934862186,545_0
102,164001032134327,2017-08-21,23.43708802843487,545_0
103,164001032134327,2017-05-09,53.16199781305999,545_0
104,164001032134327,2017-07-22,93.9429430018672,545_0
105,326601985675098,2017-07-28,184.1131374952204,513_0
106,326601985675098,2017-05-11,175.4712713084186,513_0
107,326601985675098,2017-02-08,171.89202442201676,513_0
108,326601985675098,2017-05-26,167.1790673750413,513_1
109,326601985675098,2017-03-07,103.89179373725982,513_0
110,326601985675098,2017-05-31,173.38968939272803,513_0
111,326601985675098,2017-08-02,77.56728848845486,513_1
112,326601985675098,2017-04-13,181.7650457902806,513_0
113,326601985675098,2017-02-25,12.486207072504621,513_0
114,326601985675098,2017-01-29,35.662541651243664,513_0
115,142356319139897,2017-05-16,50.79550277242707,717_0
116,142356319139897,2017-06-20,96.89794431448536,717_0
117,142356319139897,2017-09-25,60.82562114044453,717_0
118,142356319139897,2017-08-05,27.333346933717337,717_0
119,142356319139897,2017-06-23,81.08215219197741,717_0
120,142356319139897,2017-06-29,154.58961656888306,717_0
121,142356319139897,2017-08-28,81.56301709693987,717_0
122,142356319139897,2017-09-24,180.31434210659515,717_0
123,142356319139897,2017-09-24,131.753474299021,717_0
124,142356319139897,2017-08-14,26.046514029426778,717_0
125,142356319139897,2017-01-25,112.7414028503572,717_0
126,142356319139897,2017-01-31,124.18582955305254,717_0
127,142356319139897,2017-01-26,145.903598078685,717_0
128,142356319139897,2017-01-22,63.34543327020097,717_0
129,142356319139897,2017-01-15,62.69220693468334,717_0
130,142356319139897,2017-03-03,101.1448900855696,717_0
131,112211121860010,2017-03-07,129.5625231968773,850_2
132,112211121860010,2017-02-25,195.74722744459783,850_0
133,112211121860010,2017-03-23,99.00303909825112,850_2
134,112211121860010,2017-02-17,175.26345905139723,850_2
135,112211121860010,2017-06-27,190.33608974380124,850_0
136,112211121860010,2017-04-13,77.82860600387895,850_0
137,112211121860010,2017-09-18,191.52165577430137,850_0
138,112211121860010,2017-01-03,104.22781206781403,850_0
139,112211121860010,2017-06-10,115.14093450722578,850_0
140,112211121860010,2017-09-19,32.36993302898346,850_2
141,112211121860010,2017-05-17,68.45397778884127,850_2
142,112211121860010,2017-09-28,133.3981829860657,850_0
143,112211121860010,2017-09-28,114.57675465503793,850_2
144,112211121860010,2017-05-09,129.6372466258965,850_2
145,112211121860010,2017-06-17,117.61190464521066,850_1
146,394467296549027,2017-02-20,68.9113305500031,787_0
147,425991954170404,2017-01-22,11.386885030890623,221_0
148,425991954170404,2017-01-21,154.23747026693644,221_0
149,425991954170404,2017-06-28,166.3569003825284,221_1
150,425991954170404,2017-06-08,194.28225987031246,221_0
151,425991954170404,2017-09-14,89.5204742147668,221_1
152,425991954170404,2017-08-04,141.20744414537882,221_0
153,425991954170404,2017-06-28,74.56650656322967,221_0
154,425991954170404,2017-07-04,168.42477174699206,221_1
155,425991954170404,2017-07-18,149.582527184641,221_1
156,425991954170404,2017-03-30,29.773251115990554,221_0
157,425991954170404,2017-05-05,171.48263043654094,221_0
158,425991954170404,2017-07-11,132.20907186083878,221_0
159,425991954170404,2017-07-29,191.43709087967454,221_1
160,425991954170404,2017-06-20,127.29108648473851,221_0
161,640917401026597,2017-04-27,144.75055395904795,885_0
162,640917401026597,2017-08-20,60.76755123955241,885_0
163,640917401026597,2017-07-17,27.526976440241015,885_1
164,640917401026597,2017-03-29,139.6406340178161,885_0
165,640917401026597,2017-08-18,47.68615611418983,885_1
166,640917401026597,2017-05-05,145.54955305170301,885_0
167,640917401026597,2017-05-20,15.311158392992832,885_0
168,640917401026597,2017-03-30,28.07852985134791,885_0
169,640917401026597,2017-03-27,23.35732255286748,885_0
170,640917401026597,2017-07-21,87.17778331527667,885_1
171,640917401026597,2017-04-29,180.75925683266664,885_0
172,640917401026597,2017-08-28,29.472746289114173,885_1
173,640917401026597,2017-08-06,73.05593800661464,885_1
174,640917401026597,2017-05-07,164.1741536798154,885_0
175,640917401026597,2017-03-03,163.3330122692545,885_0
176,640917401026597,2017-04-10,155.2839971498731,885_0
177,640917401026597,2017-02-24,43.37884629172783,885_0
178,640917401026597,2017-06-10,46.03486156138237,885_1
179,537761579797349,2017-03-19,110.59906609181671,461_0
180,537761579797349,2017-04-12,71.45189253041664,461_0
181,537761579797349,2017-08-19,34.203524412973245,461_0
182,537761579797349,2017-02-13,125.73245378306987,461_0
183,537761579797349,2017-07-08,40.60284509594476,461_0
184,537761579797349,2017-07-09,15.997935332082221,461_0
185,537761579797349,2017-07-04,31.125970667621264,461_0
186,537761579797349,2017-04-20,27.09202257387772,461_0
187,537761579797349,2017-05-31,51.267303341016785,461_0
188,537761579797349,2017-01-03,60.293658425848335,461_0
189,537761579797349,2017-04-11,199.79232375380968,461_0
190,537761579797349,2017-08-05,62.686855061147924,461_0
191,537761579797349,2017-01-29,115.43563541916086,461_0
192,537761579797349,2017-05-26,54.64266171582637,461_0
193,537761579797349,2017-09-17,10.455776123194436,461_0
194,537761579797349,2017-01-27,80.96010885351407,461_0
195,537761579797349,2017-04-11,51.509553001827186,461_0
196,400088099766515,2017-02-11,19.08278520077421,545_1
197,400088099766515,2017-06-11,198.21895644862846,545_1
198,400088099766515,2017-04-14,192.71610539574897,545_0
199,400088099766515,2017-01-24,37.7873504196129,545_0
200,400088099766515,2017-08-25,29.316739320579373,545_1
201,400088099766515,2017-04-15,55.80892343000351,545_1
202,400088099766515,2017-04-11,100.0987773741286,545_0
203,400088099766515,2017-04-04,69.39240369598079,545_1
204,645109381681520,2017-03-15,39.3114620298916,717_0
205,645109381681520,2017-07-09,112.35109305924924,717_2
206,645109381681520,2017-08-29,199.32803293910578,717_2
207,645109381681520,2017-02-26,112.358646619149,717_2
208,645109381681520,2017-03-25,61.693506840737236,717_2
209,645109381681520,2017-06-08,60.460638861624304,717_2
210,645109381681520,2017-07-26,184.18426932614938,717_0
211,645109381681520,2017-07-16,170.286917395677,717_1
212,645109381681520,2017-01-11,69.62668149399107,717_0
213,645109381681520,2017-07-25,182.04242744804094,717_0
214,645109381681520,2017-07-12,97.3741470524322,717_1
215,645109381681520,2017-05-27,88.13825689236903,717_1
216,256825061267667,2017-06-28,66.58241422668212,352_1
217,256825061267667,2017-03-09,18.631334013660904,352_0
218,695591803217728,2017-06-28,190.05107515879487,351_1
219,695591803217728,2017-05-06,39.24393377152161,351_1
220,695591803217728,2017-03-03,144.75144162492148,351_0
221,695591803217728,2017-05-11,23.42279290041543,351_1
222,695591803217728,2017-08-23,101.82883603676423,351_1
223,695591803217728,2017-06-27,139.42714509622593,351_0
224,695591803217728,2017-07-18,55.35988464289275,351_1
225,695591803217728,2017-05-24,72.44613526399361,351_1
226,695591803217728,2017-06-21,144.6859711133428,351_1
227,695591803217728,2017-04-02,115.61739651127016,351_0
228,695591803217728,2017-05-14,36.54956113592816,351_0
229,695591803217728,2017-03-21,77.77613136282136,351_0
230,497885085194182,2017-09-02,70.07185716594412,101_2
231,497885085194182,2017-03-16,175.85930890746081,101_1
232,497885085194182,2017-06-29,166.06789444033473,101_1
233,497885085194182,2017-03-03,123.39650876152598,101_1
234,497885085194182,2017-09-30,177.30536105585705,101_0
235,497885085194182,2017-09-11,191.78540458023272,101_1
236,497885085194182,2017-03-26,120.71208428922655,101_0
237,497885085194182,2017-04-26,31.271778342684808,101_0
238,497885085194182,2017-07-16,113.26269657090968,101_0
239,497885085194182,2017-09-27,27.570152370936214,101_1
240,497885085194182,2017-04-30,23.078830291072144,101_2
241,497885085194182,2017-01-05,170.05301322554146,101_0
242,497885085194182,2017-05-25,111.06891867611526,101_1
243,204302973827374,2017-09-14,153.03243936532908,214_0
244,204302973827374,2017-01-06,161.14385502486283,214_0
245,204302973827374,2017-04-20,30.874515972274136,214_0
246,219147185709369,2017-02-06,192.8092292715766,861_0
247,219147185709369,2017-04-06,171.90766219338065,861_1
248,219147185709369,2017-08-03,95.386101077886,861_0
249,219147185709369,2017-07-29,77.55704834703569,861_0
250,219147185709369,2017-05-01,96.72676850115639,861_1
251,219147185709369,2017-02-02,85.87745418328043,861_0
252,219147185709369,2017-04-21,70.83111958292847,861_1
253,219147185709369,2017-03-08,145.5758470653351,861_0
254,219147185709369,2017-09-09,185.21478035532618,861_1
255,219147185709369,2017-08-06,163.63767402506105,861_0
256,219147185709369,2017-06-13,19.75343477001878,861_0
257,219147185709369,2017-08-01,136.43199553600613,861_1
258,219147185709369,2017-09-02,82.96721234060583,861_0
259,457461113866643,2017-03-17,21.33877125112309,379_0
260,457461113866643,2017-07-22,171.55541178669517,379_0
261,457461113866643,2017-05-07,104.65398070674657,379_2
262,457461113866643,2017-01-11,165.31562288397953,379_0
263,457461113866643,2017-07-11,122.24802089652182,379_0
264,457461113866643,2017-01-29,199.8848394240741,379_0
265,457461113866643,2017-03-31,120.05843933638523,379_0
266,599391217759297,2017-07-16,107.70473616723993,214_0
267,599391217759297,2017-02-14,127.01982023166904,214_0
268,599391217759297,2017-02-04,97.61750520143163,214_0
269,599391217759297,2017-04-16,170.86989801789022,214_0
270,599391217759297,2017-03-25,159.6285014553537,214_0
271,599391217759297,2017-03-27,33.76886802461358,214_0
272,599391217759297,2017-05-30,174.69213621800716,214_0
273,599391217759297,2017-01-09,187.44050008493517,214_0
274,599391217759297,2017-02-19,191.28556113159522,214_0
275,599391217759297,2017-06-30,84.47791900090311,214_0
276,599391217759297,2017-02-19,112.4016115575092,214_0
277,599391217759297,2017-09-10,30.395425139907605,214_0
278,599391217759297,2017-05-22,111.9080188672204,214_0
279,599391217759297,2017-05-11,106.51317361778935,214_0
280,546954443658340,2017-02-23,25.283754239686818,787_0
281,736367576539024,2017-05-20,92.37941038163426,101_0
282,736367576539024,2017-02-22,68.9505806562538,101_0
283,736367576539024,2017-07-31,144.55995135476485,101_0
284,736367576539024,2017-09-29,84.41463518272475,101_0
285,447372347258236,2017-01-20,189.5866584412718,513_0
286,447372347258236,2017-03-30,79.87005881650842,513_0
287,447372347258236,2017-01-24,116.52287639813105,513_0
288,447372347258236,2017-01-17,29.460614004349924,513_0
289,447372347258236,2017-05-29,63.13858652008082,513_0
290,447372347258236,2017-05-14,183.5675944926844,513_0
291,447372347258236,2017-04-13,43.71758859359284,513_0
292,881913243127662,2017-09-12,186.53540402435817,101_0
293,881913243127662,2017-07-12,63.54883252949767,101_1
294,881913243127662,2017-03-01,108.12142535506527,101_0
295,881913243127662,2017-05-23,29.962358644420554,101_1
296,881913243127662,2017-04-01,103.67213824036706,101_0
297,881913243127662,2017-03-10,34.06537032398991,101_0
298,881913243127662,2017-06-03,118.74903458625842,101_0
299,881913243127662,2017-01-01,30.930194018228942,101_0
300,881913243127662,2017-09-04,85.49486451124002,101_1
301,881913243127662,2017-08-14,42.14180100736801,101_1
302,881913243127662,2017-01-27,155.1260749282333,101_0
303,881913243127662,2017-07-19,80.8998134789066,101_0
304,881913243127662,2017-02-23,182.55701942365928,101_0
305,881913243127662,2017-01-14,52.70306174459177,101_0
306,881913243127662,2017-02-17,125.64609308355612,101_0
307,881913243127662,2017-08-06,169.1224009718951,101_1
308,881913243127662,2017-01-30,78.39065380054419,101_0
309,881913243127662,2017-05-11,162.48929884670162,101_0
310,760605880740169,2017-07-29,162.4062101814764,351_0
311,760605880740169,2017-07-29,32.375961320312165,351_0
312,760605880740169,2017-02-06,141.65697779538343,351_0
313,760605880740169,2017-05-15,77.92174263091833,351_0
314,760605880740169,2017-08-01,154.60327006989513,351_0
315,760605880740169,2017-01-04,143.57324548527941,351_0
316,760605880740169,2017-04-05,170.51987700515159,351_0
317,713100794834058,2017-08-02,60.907358306213474,461_0
318,713100794834058,2017-03-30,107.04016381715688,461_0
319,713100794834058,2017-09-21,36.91358056013246,461_0
320,713100794834058,2017-09-05,19.824666613957405,461_0
321,713100794834058,2017-01-31,31.767950518841246,461_0
322,713100794834058,2017-01-27,184.90647892632055,461_0
323,713100794834058,2017-06-17,177.5878875714753,461_0
324,713100794834058,2017-08-25,122.14507368552638,461_0
325,480985468763564,2017-08-26,103.96215577204792,344_0
326,480985468763564,2017-09-19,83.92898913935642,344_1
327,480985468763564,2017-06-26,38.41233407372883,344_1
328,480985468763564,2017-07-12,117.23906121754192,344_1
329,480985468763564,2017-05-06,18.989853655938443,344_1
330,480985468763564,2017-04-04,130.19226634304843,344_0
331,480985468763564,2017-06-21,152.5320986617519,344_0
332,480985468763564,2017-06-09,97.96168214753688,344_0
333,480985468763564,2017-01-06,137.5495297657452,344_0
334,480985468763564,2017-03-26,122.56946307293113,344_0
335,480985468763564,2017-07-11,154.67539865094088,344_1
336,480985468763564,2017-03-10,30.726750364535036,344_0
337,480985468763564,2017-04-18,71.54314230950105,344_1
338,480985468763564,2017-03-02,110.02568068361249,344_0
339,480985468763564,2017-07-01,139.61312849423751,344_1
340,215288377262007,2017-06-17,26.32074121176683,995_0
341,215288377262007,2017-02-22,91.85596803561323,995_0
342,215288377262007,2017-03-12,181.612174201666,995_0
343,215288377262007,2017-10-03,143.52311201558106,995_0
344,215288377262007,2017-08-02,120.68753225553147,995_0
345,215288377262007,2017-09-28,34.243921686589516,995_1
346,215288377262007,2017-08-17,141.3832212183045,995_0
347,215288377262007,2017-01-12,16.164157199255897,995_0
348,215288377262007,2017-07-25,81.26553101384997,995_0
349,215288377262007,2017-07-30,33.24703358807689,995_0
350,215288377262007,2017-09-08,50.47833008430156,995_0
351,215288377262007,2017-05-24,195.63118665208205,995_0
352,215288377262007,2017-03-01,37.99879330159861,995_0
353,215288377262007,2017-01-11,129.09171933945356,995_0
354,577228450136197,2017-10-02,121.201525116392,667_1
355,577228450136197,2017-01-11,20.584033118921802,667_0
356,577228450136197,2017-06-11,25.986783535724005,667_0
357,577228450136197,2017-08-07,82.73104289933752,667_0
358,577228450136197,2017-04-11,120.36318262004755,667_0
359,780684334221117,2017-06-09,174.8078869105044,513_0
360,780684334221117,2017-07-20,124.07421920848516,513_0
361,367769384359926,2017-02-20,175.14687046151133,351_0
362,367769384359926,2017-09-27,193.54662789001557,351_0
363,367769384359926,2017-07-10,177.21024287300105,351_0
364,367769384359926,2017-10-01,185.85383358502793,351_0
365,567962039653660,2017-03-24,150.30298888929207,850_0
366,567962039653660,2017-04-08,71.02141324927783,850_0
367,567962039653660,2017-07-25,118.08347164695839,850_2
368,567962039653660,2017-03-10,40.66797876770456,850_0
369,567962039653660,2017-03-31,80.42588260731756,850_0
370,567962039653660,2017-10-02,57.89430891620477,850_1
371,567962039653660,2017-06-04,104.68096535746326,850_2
372,567962039653660,2017-02-10,74.32239926764716,850_0
373,567962039653660,2017-09-14,190.80172482747668,850_1
374,567962039653660,2017-09-02,145.14160979068936,850_0
375,567962039653660,2017-05-14,154.08426798064815,850_1
376,567962039653660,2017-04-22,82.09786955597393,850_0
377,567962039653660,2017-06-05,174.57854695740997,850_2
378,567962039653660,2017-01-13,109.53780775401378,850_0
379,567962039653660,2017-01-12,183.0532689948248,850_0
380,737848420528391,2017-08-22,39.472732072799595,995_0
381,737848420528391,2017-05-15,75.18725833843922,995_0
382,737848420528391,2017-09-30,162.77059929089737,995_0
383,737848420528391,2017-09-05,108.35252640768134,995_0
384,737848420528391,2017-08-16,173.93522714815262,995_0
385,737848420528391,2017-08-04,80.90167400244944,995_0
386,737848420528391,2017-09-22,20.96188442372599,995_0
387,737848420528391,2017-04-06,135.39464319871507,995_0
388,737848420528391,2017-03-13,140.93665501027468,995_0
389,737848420528391,2017-09-10,75.86171637954868,995_0
390,737848420528391,2017-09-07,81.72803972108537,995_0
391,737848420528391,2017-06-22,86.89118419993173,995_0
392,737848420528391,2017-05-27,193.09384712428007,995_0
393,210941209627717,2017-03-08,198.81689708943878,861_0
394,210941209627717,2017-09-27,135.12035722489208,861_1
395,210941209627717,2017-05-13,103.13487498642928,861_2
396,210941209627717,2017-07-17,123.88252848170707,861_1
397,210941209627717,2017-08-16,159.81406003261674,861_2
398,210941209627717,2017-07-20,127.20637859784188,861_2
399,210941209627717,2017-07-07,109.39092651440859,861_2
400,210941209627717,2017-01-19,82.54251210430728,861_0
401,621569562346107,2017-06-13,172.33749872088723,522_0
402,621569562346107,2017-09-13,157.11565649393103,522_0
403,621569562346107,2017-01-06,22.4745124217032,522_0
404,621569562346107,2017-07-07,187.0715109017711,522_1
405,613036751993358,2017-03-28,52.08808779027592,214_0
406,613036751993358,2017-06-11,143.69499424222872,214_0
407,613036751993358,2017-02-13,186.60442677687183,214_0
408,613036751993358,2017-01-19,153.6591505127957,214_0
409,613036751993358,2017-06-05,128.9356084945897,214_0
410,706783853664600,2017-02-14,149.23812833073103,522_0
411,706783853664600,2017-06-28,35.001213305136204,522_0
412,706783853664600,2017-09-18,51.775260771488,522_0
413,706783853664600,2017-09-05,91.22140418133205,522_0
414,706783853664600,2017-04-29,41.84711437492509,522_0
415,706783853664600,2017-06-14,54.98327526179238,522_0
416,706783853664600,2017-04-12,114.31764359873074,522_0
417,706783853664600,2017-01-17,46.68041323980224,522_0
418,706783853664600,2017-05-10,24.482809561843364,522_0
419,706783853664600,2017-03-30,189.5219569800599,522_0
420,706783853664600,2017-07-28,76.63810435471164,522_0
421,559302262645969,2017-06-27,187.60192784248585,513_0
422,559302262645969,2017-09-09,103.69618285399446,513_0
423,559302262645969,2017-01-05,144.56384790852394,513_0
424,559302262645969,2017-02-17,15.04036752791595,513_0
425,559302262645969,2017-07-03,156.5468215368267,513_0
426,559302262645969,2017-04-07,199.42563612147347,513_0
427,559302262645969,2017-04-14,181.3349159791385,513_0
428,559302262645969,2017-09-05,66.94877136233768,513_0
429,559302262645969,2017-03-01,178.78133051009024,513_0
430,559302262645969,2017-07-04,187.87801962799733,513_0
431,559302262645969,2017-08-20,55.39946303087414,513_0
432,559302262645969,2017-01-25,51.278264521941345,513_0
433,559302262645969,2017-04-22,23.523307415577648,513_0
434,559302262645969,2017-02-21,110.79813984428219,513_0
435,559302262645969,2017-09-05,43.82322334276866,513_0
436,559302262645969,2017-06-05,40.09877799765998,513_0
437,559302262645969,2017-04-07,76.67310266380474,513_0
438,559302262645969,2017-06-18,141.46462367528616,513_0
439,559302262645969,2017-03-02,96.26062473858187,513_0
440,559302262645969,2017-07-21,42.911782293398524,513_0
441,472449528114261,2017-03-19,117.93113387523667,717_0
442,472449528114261,2017-05-28,82.69921850842849,717_0
443,472449528114261,2017-03-01,39.97304523275518,717_0
444,472449528114261,2017-04-03,47.612318297699815,717_0
445,472449528114261,2017-08-08,146.9706225186672,717_0
446,550733080699311,2017-07-30,80.77280398629158,850_1
447,550733080699311,2017-08-08,139.35015017335823,850_1
448,550733080699311,2017-04-04,126.9814055971699,850_0
449,550733080699311,2017-05-30,61.261206441313234,850_0
450,550733080699311,2017-08-17,13.75318345666778,850_1
451,550733080699311,2017-09-24,45.732073210078916,850_0
452,550733080699311,2017-04-12,60.63565054414537,850_0
453,544079521802196,2017-01-04,50.022958932342895,530_0
454,544079521802196,2017-02-27,125.67388888064788,530_0
455,544079521802196,2017-03-31,86.41520281750707,530_0
456,544079521802196,2017-05-12,153.9386373854472,530_0
457,544079521802196,2017-05-27,49.28198223801742,530_2
458,544079521802196,2017-03-22,191.2444798595539,530_0
459,544079521802196,2017-03-08,116.57072813519537,530_0
460,544079521802196,2017-05-30,29.2714359903812,530_0
461,544079521802196,2017-02-26,150.26995178345413,530_0
462,155764318835496,2017-03-15,198.85494562748312,885_0
463,155764318835496,2017-01-29,75.1925868382518,885_0
464,155764318835496,2017-03-25,106.938171269688,885_0
465,155764318835496,2017-05-07,47.92205518697798,885_0
466,155764318835496,2017-09-28,40.87355741214067,885_0
467,155764318835496,2017-01-25,121.61128089192056,885_0
468,155764318835496,2017-01-23,147.90356358281923,885_0
469,155764318835496,2017-01-03,31.583411467118726,885_0
470,155764318835496,2017-04-12,84.24196786538475,885_0
471,155764318835496,2017-09-05,37.30335867967304,885_0
472,155764318835496,2017-03-24,118.69792614486937,885_0
473,155764318835496,2017-07-10,59.54318320659625,885_2
474,155764318835496,2017-03-31,130.87674803167425,885_0
475,155764318835496,2017-08-09,115.02522913746584,885_1
476,155764318835496,2017-02-08,118.73427906534901,885_0
477,539925344620687,2017-09-07,147.20496496489915,861_0
478,539925344620687,2017-01-18,58.61731069530869,861_0
479,539925344620687,2017-03-16,94.13652921255627,861_0
480,539925344620687,2017-09-15,130.0788018830915,861_0
481,539925344620687,2017-02-04,72.76596047556836,861_0
482,539925344620687,2017-09-27,180.59899808185574,861_0
483,539925344620687,2017-01-22,12.19467439204454,861_0
484,539925344620687,2017-06-23,124.44182259562957,861_0
485,539925344620687,2017-01-03,42.012198995653144,861_0
486,539925344620687,2017-06-21,164.65985928153387,861_0
487,539925344620687,2017-08-19,101.35043612013374,861_0
488,539925344620687,2017-02-22,184.83144561952324,861_0
489,526147882856084,2017-08-24,160.3431786738937,344_0
490,526147882856084,2017-07-29,47.292947511493246,344_0
491,526147882856084,2017-03-11,122.44058964583402,344_0
492,526147882856084,2017-07-26,53.067942970517485,344_0
493,526147882856084,2017-09-25,141.8520526506505,344_1
494,526147882856084,2017-04-13,104.10106667612254,344_0
495,786894113146989,2017-05-14,135.05494213658483,717_1
496,786894113146989,2017-09-25,171.90549018781687,717_0
497,786894113146989,2017-10-02,165.95289934561393,717_0
498,786894113146989,2017-04-13,118.11934838031904,717_0
499,786894113146989,2017-01-16,16.204989334895963,717_0
500,786894113146989,2017-04-17,168.04123423818305,717_0
501,786894113146989,2017-03-05,52.39684680838874,717_1
502,786894113146989,2017-09-04,138.77259186218137,717_0
503,786894113146989,2017-05-07,45.00320199941497,717_1
504,786894113146989,2017-08-22,44.71601336585751,717_0
505,786894113146989,2017-07-18,144.0964190812564,717_1
506,664543824146552,2017-03-02,51.3034653194797,995_0
507,664543824146552,2017-01-30,73.21100987163754,995_0
508,664543824146552,2017-01-03,134.14273751140692,995_0
509,664543824146552,2017-03-17,180.9334522966335,995_0
510,664543824146552,2017-09-03,199.88514621106856,995_0
511,664543824146552,2017-04-04,127.3002745023922,995_1
512,664543824146552,2017-09-22,155.7560945779364,995_0
513,664543824146552,2017-01-12,137.66037679646024,995_0
514,664543824146552,2017-05-31,188.86206192513453,995_1
515,664543824146552,2017-02-14,86.40658284003112,995_0
516,664543824146552,2017-02-24,127.69464886338265,995_0
517,664543824146552,2017-09-13,178.54208568567313,995_1
518,563728287209559,2017-05-22,87.19175433566247,352_0
519,563728287209559,2017-04-10,181.45254880284767,352_0
520,563728287209559,2017-07-18,192.9664099145416,352_2
521,563728287209559,2017-04-26,128.14980827787468,352_0
522,563728287209559,2017-02-07,149.2073741686987,352_0
523,563728287209559,2017-08-06,59.37691742887606,352_2
524,563728287209559,2017-09-20,14.69799333028381,352_0
525,563728287209559,2017-08-24,45.429145809925814,352_0
526,563728287209559,2017-01-25,120.1778417093489,352_0
527,563728287209559,2017-01-12,195.6417628707504,352_0
528,563728287209559,2017-02-15,115.78030572425898,352_0
529,563728287209559,2017-01-18,95.42574524963851,352_0
530,563728287209559,2017-04-13,184.73311346431157,352_0
531,563728287209559,2017-04-10,85.46158190611794,352_0
532,563728287209559,2017-03-13,77.29123511861187,352_0
533,563728287209559,2017-02-28,57.47070593843119,352_0
534,563728287209559,2017-04-17,181.6815851534982,352_0
535,112339485793091,2017-08-19,185.60978283498255,221_0
536,112339485793091,2017-01-20,107.25922896222583,221_0
537,112339485793091,2017-03-29,15.687063241946355,221_0
538,112339485793091,2017-05-26,53.66798458950383,221_0
539,112339485793091,2017-08-09,168.86750303364482,221_0
540,112339485793091,2017-04-13,45.493598595770145,221_0
541,112339485793091,2017-06-20,134.20056962927032,221_0
542,112339485793091,2017-06-26,163.22461084607005,221_0
543,112339485793091,2017-06-10,98.50365047702176,221_0
544,112339485793091,2017-03-13,126.84649026320103,221_0
545,147418247195599,2017-06-03,85.19975647343725,493_1
546,147418247195599,2017-09-14,111.52975262345868,493_1
547,147418247195599,2017-07-29,42.14614588930718,493_2
548,147418247195599,2017-04-10,95.72557315240667,493_1
549,147418247195599,2017-08-17,43.24202766725622,493_2
550,147418247195599,2017-05-29,94.28999786192544,493_2
551,147418247195599,2017-04-04,33.59331640164601,493_0
552,147418247195599,2017-02-27,15.085237109407084,493_0
553,147418247195599,2017-03-07,196.95564201604014,493_0
554,147418247195599,2017-01-28,131.65801995542938,493_0
555,147418247195599,2017-06-20,68.40864465374159,493_0
556,147418247195599,2017-06-01,166.67242327062485,493_2
557,147418247195599,2017-02-08,195.08247914498776,493_0
558,113010068737696,2017-01-09,187.21739900719126,885_0
559,113010068737696,2017-08-03,136.62286761177467,885_0
560,113010068737696,2017-09-04,33.38738266707389,885_0
561,113010068737696,2017-07-09,97.30547642568749,885_0
562,113010068737696,2017-05-02,92.36864339730003,885_0
563,113010068737696,2017-06-30,95.2277140051999,885_0
564,847544400709128,2017-01-12,15.36533093914607,513_0
565,548440536789470,2017-07-02,120.0889540999454,995_2
566,548440536789470,2017-01-29,153.5480903687009,995_0
567,548440536789470,2017-03-18,23.914578869179422,995_1
568,548440536789470,2017-03-15,123.01903459626747,995_1
569,548440536789470,2017-06-28,188.4465899488846,995_1
570,548440536789470,2017-05-04,137.6691207743167,995_0
571,548440536789470,2017-05-19,177.6245331127897,995_1
572,548440536789470,2017-09-24,92.3828437594441,995_2
573,548440536789470,2017-07-31,72.19636625286418,995_1
574,548440536789470,2017-05-16,107.6405023946179,995_1
575,548440536789470,2017-02-25,30.162646944130174,995_0
576,548440536789470,2017-06-30,196.75890327226105,995_1
577,548440536789470,2017-01-21,165.46127535568888,995_0
578,548440536789470,2017-05-16,168.44226860945142,995_0
579,548440536789470,2017-07-05,190.77409885425374,995_0
580,548440536789470,2017-03-06,94.91249503072423,995_0
581,269306246780388,2017-06-01,171.64567699520632,493_0
582,269306246780388,2017-01-28,198.2831817992923,493_0
583,269306246780388,2017-06-23,139.44203156163644,493_0
584,269306246780388,2017-01-18,161.87354327064335,493_0
585,269306246780388,2017-08-23,110.41424614689184,493_2
586,269306246780388,2017-02-11,69.70840284755778,493_0
587,269306246780388,2017-06-06,178.1099207116795,493_0
588,269306246780388,2017-04-21,136.83521524752632,493_0
589,269306246780388,2017-04-18,29.154242990863626,493_0
590,269306246780388,2017-04-06,54.29007192014279,493_0
591,269306246780388,2017-02-19,34.70711625329885,493_0
592,269306246780388,2017-03-05,74.6343703829087,493_0
593,519893615540765,2017-08-20,80.29592395858029,717_1
594,519893615540765,2017-05-23,172.58045180146698,717_1
595,519893615540765,2017-08-04,18.258069982986115,717_0
596,519893615540765,2017-03-03,96.11242936397939,717_0
597,519893615540765,2017-03-11,41.75187953014204,717_0
598,519893615540765,2017-07-23,46.13622095050456,717_2
599,519893615540765,2017-04-18,21.660885416344794,717_0
600,519893615540765,2017-01-26,19.601406006531082,717_0
601,519893615540765,2017-03-03,94.42113158884744,717_0
602,519893615540765,2017-09-14,184.63115633924153,717_0
603,519893615540765,2017-05-27,59.53235025616576,717_2
604,519893615540765,2017-08-14,84.6045463476385,717_1
605,519893615540765,2017-03-04,191.54178741271824,717_0
606,546229164677629,2017-05-13,67.37892426162043,470_0
607,546229164677629,2017-08-03,108.04463978952239,470_0
608,546229164677629,2017-03-03,136.884116373496,470_0
609,546229164677629,2017-08-27,141.0776023751851,470_0
610,546229164677629,2017-06-02,23.761440897157925,470_0
611,546229164677629,2017-02-20,167.6668216471631,470_0
612,546229164677629,2017-05-05,127.99412564698862,470_0
613,546229164677629,2017-03-10,58.47303233226352,470_0
614,546229164677629,2017-04-28,71.29918205930518,470_0
615,546229164677629,2017-02-01,163.46317174871064,470_0
616,546229164677629,2017-04-01,29.445175762373825,470_0
617,546229164677629,2017-06-28,35.24105055579085,470_0
618,386252935042775,2017-05-13,170.894346009519,522_0
619,386252935042775,2017-03-15,48.61169919075716,522_0
620,386252935042775,2017-06-20,23.592644432034355,522_0
621,386252935042775,2017-05-29,101.40860758234538,522_0
622,386252935042775,2017-06-14,71.66236787782404,522_0
623,386252935042775,2017-03-17,98.14308002290419,522_0
624,386252935042775,2017-04-27,141.5404257117569,522_0
625,386252935042775,2017-09-16,125.22776255780784,522_0
626,386252935042775,2017-07-17,75.70424914569246,522_0
627,386252935042775,2017-06-30,173.757527462316,522_0
628,386252935042775,2017-04-18,31.683856853195405,522_0
629,386252935042775,2017-06-04,187.4970775557305,522_0
630,386252935042775,2017-01-05,106.358238333195,522_0
631,386252935042775,2017-05-02,67.69551008365482,522_0
632,386252935042775,2017-02-23,33.0030090389205,522_0
633,578120136160049,2017-03-09,146.07193021504952,765_0
634,338158007152817,2017-03-24,170.78474053729337,221_0
635,338158007152817,2017-03-10,121.26498566021388,221_0
636,338158007152817,2017-05-14,96.95821609329637,221_0
637,126479550112958,2017-01-05,115.89099190129838,221_0
638,503718294254886,2017-03-29,47.91733639388924,352_0
639,503718294254886,2017-04-17,152.73891010535723,352_0
640,503718294254886,2017-09-27,95.67694487096495,352_1
641,503718294254886,2017-05-10,188.16555314277429,352_0
642,503718294254886,2017-03-09,151.68695652667068,352_0
643,503718294254886,2017-07-13,59.86343543592484,352_1
644,503718294254886,2017-05-04,176.83119101504116,352_0
645,503718294254886,2017-02-11,127.47223004233842,352_0
646,503718294254886,2017-02-09,81.47770483744281,352_0
647,503718294254886,2017-07-29,146.1104412484976,352_1
648,503718294254886,2017-01-15,51.05963596836529,352_0
649,503718294254886,2017-02-21,44.04091593087539,352_0
650,503718294254886,2017-04-09,149.42247096190013,352_0
651,503718294254886,2017-02-03,113.99311158292353,352_0
652,503718294254886,2017-03-04,138.35530582709544,352_0
653,503718294254886,2017-02-11,180.11304501146464,352_0
654,503718294254886,2017-06-06,78.28076709728143,352_0
655,329143723143158,2017-06-28,77.9976084231044,351_0
656,329143723143158,2017-05-22,47.30373261601441,351_0
657,105398133570150,2017-04-27,79.87600458877446,885_0
658,105398133570150,2017-01-17,34.30158460182882,885_0
659,105398133570150,2017-06-14,83.13432657834534,885_0
660,105398133570150,2017-07-12,165.57020722668253,885_0
661,105398133570150,2017-08-27,83.95358681861809,885_0
662,597185694670643,2017-07-28,86.38464335735284,352_0
663,402666109606347,2017-01-17,68.52296488157799,522_0
664,402666109606347,2017-06-19,142.94566999946156,522_0
665,402666109606347,2017-03-14,137.75078171477833,522_0
666,402666109606347,2017-09-01,123.51597705827265,522_0
667,402666109606347,2017-05-27,144.08339656585258,522_0
668,402666109606347,2017-01-20,85.12011840174131,522_0
669,402666109606347,2017-04-20,178.64029013881827,522_0
670,402666109606347,2017-04-11,43.58322412300144,522_0
671,402666109606347,2017-06-06,42.575686167558,522_0
672,689118360627039,2017-05-14,62.58635065450207,787_0
673,689118360627039,2017-05-05,60.57109811497624,787_0
674,689118360627039,2017-07-27,85.64181358401817,787_0
675,689118360627039,2017-01-15,73.37240158152632,787_0
676,689118360627039,2017-06-23,193.89466656485504,787_1
677,689118360627039,2017-09-03,69.33675104577696,787_1
678,689118360627039,2017-01-02,146.66643242487916,787_0
679,110385717650222,2017-07-05,20.862165236145508,121_0
680,110385717650222,2017-07-05,123.01560384789968,121_0
681,110385717650222,2017-04-07,16.417657949471838,121_0
682,110385717650222,2017-03-25,171.19271938937675,121_0
683,110385717650222,2017-03-20,198.3902549404526,121_0
684,110385717650222,2017-01-14,11.001973957263699,121_0
685,110385717650222,2017-03-07,65.76781607997432,121_0
686,110385717650222,2017-05-03,93.38449210189663,121_0
687,110385717650222,2017-04-28,48.131824629107044,121_0
688,110385717650222,2017-02-09,141.54511387824297,121_0
689,110385717650222,2017-09-18,88.14108288865962,121_1
690,110385717650222,2017-03-01,149.13071606509584,121_0
691,110385717650222,2017-09-05,24.772078277061244,121_1
692,612523519834692,2017-04-28,156.68309610091185,351_0
693,612523519834692,2017-09-17,61.46477282233631,351_0
694,612523519834692,2017-07-04,84.8499355243618,351_0
695,612523519834692,2017-05-17,31.378291983802644,351_0
696,612523519834692,2017-08-21,117.19289077219217,351_0
697,612523519834692,2017-03-04,65.91289907511396,351_0
698,612523519834692,2017-05-17,181.23461305050984,351_0
699,612523519834692,2017-06-26,22.151178844524836,351_0
700,640985307697171,2017-07-02,80.21260873810544,765_0
701,640985307697171,2017-09-28,95.37594601746174,765_0
702,640985307697171,2017-03-11,10.066620853201272,765_0
703,640985307697171,2017-08-02,35.78236033294061,765_0
704,640985307697171,2017-01-19,112.45358016913923,765_0
705,640985307697171,2017-02-10,59.65034291619264,765_0
706,640985307697171,2017-06-06,22.724672423891384,765_0
707,640985307697171,2017-06-28,31.99350230344924,765_0
708,640985307697171,2017-01-16,99.20173684709368,765_0
709,458484994185995,2017-07-15,69.95007341851537,121_2
710,458484994185995,2017-09-10,122.95482799570014,121_0
711,458484994185995,2017-02-10,114.25205651008658,121_0
712,458484994185995,2017-06-21,76.09067842432918,121_2
713,163003425702124,2017-09-12,37.631559774293834,344_0
714,163003425702124,2017-07-12,78.03746807118046,344_0
715,404725771473638,2017-09-04,88.65366368792957,221_0
716,239187134475418,2017-08-13,134.44232472820732,787_0
717,239187134475418,2017-07-11,138.53624259776595,787_0
718,239187134475418,2017-04-15,193.10309228580104,787_0
719,239187134475418,2017-01-28,179.95959864089642,787_0
720,239187134475418,2017-06-04,84.12795567180454,787_0
721,239187134475418,2017-08-23,167.60159030955182,787_0
722,239187134475418,2017-07-06,76.16900250574604,787_0
723,239187134475418,2017-01-19,117.95768717317608,787_0
724,239187134475418,2017-05-02,63.40894917657546,787_0
725,239187134475418,2017-01-30,92.11799622853253,787_0
726,239187134475418,2017-07-22,55.299133264089285,787_0
727,870133505618995,2017-01-19,170.6156510082552,513_0
728,870133505618995,2017-02-08,84.52518642674269,513_0
729,754545861706215,2017-03-02,62.72473274363963,352_0
730,754545861706215,2017-02-17,147.69312144146852,352_0
731,754545861706215,2017-06-30,175.44534173268556,352_0
732,754545861706215,2017-04-17,109.21237454751902,352_0
733,754545861706215,2017-02-26,65.74379359644031,352_0
734,754545861706215,2017-08-26,61.55371822372405,352_0
735,754545861706215,2017-04-25,33.810406977029444,352_0
736,754545861706215,2017-08-07,35.614402345508225,352_0
737,754545861706215,2017-05-02,98.51158099657802,352_0
738,754545861706215,2017-05-01,149.10485895591472,352_0
739,754545861706215,2017-04-30,28.717506006801784,352_0
740,754545861706215,2017-07-24,158.04533886097113,352_0
741,754545861706215,2017-09-07,75.367003558107,352_0
742,754545861706215,2017-08-17,68.4991534476961,352_0
743,754545861706215,2017-07-20,17.23982157243433,352_0
744,579902175231342,2017-09-29,152.14192069554315,522_2
745,579902175231342,2017-08-02,85.81140825858897,522_1
746,579902175231342,2017-02-18,190.693771257964,522_0
747,579902175231342,2017-06-02,80.67844123665051,522_0
748,579902175231342,2017-09-26,74.41469901226591,522_1
749,579902175231342,2017-09-04,190.15411792247133,522_0
750,579902175231342,2017-04-02,65.20731354221766,522_1
751,579902175231342,2017-04-11,148.13467664731368,522_0
752,579902175231342,2017-05-13,151.0898101721304,522_1
753,579902175231342,2017-05-08,181.61772914846188,522_1
754,579902175231342,2017-06-14,182.7789401893497,522_0
755,579968075786974,2017-01-20,133.8662162428596,545_2
756,579968075786974,2017-01-26,84.20361217826168,545_2
757,579968075786974,2017-06-04,167.18345983170178,545_0
758,579968075786974,2017-06-14,167.34414618657598,545_2
759,579968075786974,2017-09-16,93.9368014914961,545_2
760,579968075786974,2017-10-01,149.54046429673448,545_0
761,579968075786974,2017-02-07,168.81147877078706,545_0
762,579968075786974,2017-06-28,167.0677238287369,545_1
763,579968075786974,2017-02-10,112.42461132340999,545_2
764,579968075786974,2017-09-17,26.969834825073235,545_2
765,579968075786974,2017-10-03,126.56187022270618,545_0
766,579968075786974,2017-04-18,15.644809543679397,545_0
767,579968075786974,2017-09-13,91.90765466217246,545_0
768,579968075786974,2017-02-21,142.36227907410134,545_2
769,579968075786974,2017-01-18,112.81884347208559,545_2
770,579968075786974,2017-01-21,153.88749143310037,545_2
771,579968075786974,2017-01-11,98.8484357758313,545_0
772,579968075786974,2017-02-11,160.6468838657537,545_2
773,579968075786974,2017-05-06,83.24523344841,545_2
774,735037427812682,2017-05-24,47.77366940809084,493_0
775,735037427812682,2017-08-14,164.17730401365677,493_2
776,735037427812682,2017-03-25,161.12663977112007,493_0
777,735037427812682,2017-06-28,47.736584144903645,493_1
778,735037427812682,2017-07-17,141.07163950469143,493_1
779,735037427812682,2017-04-11,111.0113440036492,493_1
780,735037427812682,2017-05-01,70.59633974427702,493_1
781,735037427812682,2017-06-21,104.09066803049389,493_1
782,885440183825895,2017-03-21,135.77996393043068,717_0
783,885440183825895,2017-04-15,154.78996151591127,717_0
784,885440183825895,2017-07-07,51.37727403597282,717_0
785,885440183825895,2017-05-12,65.15170073688321,717_0
786,885440183825895,2017-08-29,157.19174776960958,717_1
787,885440183825895,2017-05-29,156.78941730341745,717_0
788,885440183825895,2017-05-30,191.22556634689107,717_0
789,885440183825895,2017-05-10,165.9469586345468,717_0
790,885440183825895,2017-08-09,19.687339335500127,717_1
791,885440183825895,2017-05-04,152.34067653482063,717_0
792,885440183825895,2017-09-27,66.6942214417044,717_1
793,885440183825895,2017-04-13,146.72619913044636,717_0
794,885440183825895,2017-03-04,11.607095083427701,717_0
795,885440183825895,2017-01-13,26.985877949534466,717_0
796,885440183825895,2017-02-11,138.61328253920433,717_0
797,885440183825895,2017-10-01,107.79667703239072,717_0
798,885440183825895,2017-09-22,103.3410298057988,717_0
799,885440183825895,2017-01-26,133.75076950050055,717_0
800,241553304139745,2017-07-10,54.01190656004174,717_0
801,241553304139745,2017-07-12,135.00801181956535,717_0
802,241553304139745,2017-07-11,25.35671851903863,717_0
803,241553304139745,2017-03-18,156.8195438936185,717_0
804,241553304139745,2017-05-02,129.4936335521549,717_0
805,241553304139745,2017-06-07,81.81635799782173,717_0
806,241553304139745,2017-07-15,62.4157946829243,717_0
807,241553304139745,2017-05-10,171.74672291193338,717_0
808,241553304139745,2017-04-25,172.08763443878624,717_0
809,241553304139745,2017-01-16,64.87715102232444,717_0
810,241553304139745,2017-05-01,110.38600353009939,717_0
811,241553304139745,2017-02-16,110.16796562336276,717_0
812,241553304139745,2017-05-06,126.95166560189767,717_0
813,241553304139745,2017-08-13,71.20957588020192,717_0
814,241553304139745,2017-09-02,138.40032240876752,717_0
815,241553304139745,2017-07-01,34.41665316863019,717_0
816,796125354789667,2017-04-08,101.51919365383772,493_0
817,796125354789667,2017-09-23,168.1734780253125,493_0
818,796125354789667,2017-03-21,26.147395273555606,493_0
819,796125354789667,2017-09-05,144.2440721545613,493_0
820,796125354789667,2017-03-30,123.28031589829006,493_0
821,862713277572685,2017-04-01,116.38102742963068,352_0
822,862713277572685,2017-07-20,150.8464304735676,352_1
823,862713277572685,2017-04-22,73.95707740103566,352_1
824,261868732915843,2017-01-29,197.8445085470473,351_0
825,261868732915843,2017-03-11,110.88120758457693,351_0
826,261868732915843,2017-09-15,19.181404619543883,351_0
827,261868732915843,2017-02-09,194.70109073033024,351_0
828,261868732915843,2017-05-28,111.5366186699912,351_0
829,261868732915843,2017-05-05,81.27116384288678,351_0
830,261868732915843,2017-07-29,17.611783989802074,351_0
831,261868732915843,2017-08-28,159.81071159650512,351_0
832,261868732915843,2017-10-01,122.69194809290906,351_0
833,261868732915843,2017-03-02,168.68929654148013,351_0
834,261868732915843,2017-05-25,40.95457367488098,351_0
835,261868732915843,2017-07-12,180.34794109895196,351_0
836,261868732915843,2017-04-14,157.3530805023561,351_0
837,261868732915843,2017-09-18,156.67664609162432,351_0
838,269360517291271,2017-03-24,152.82573939283986,101_0
839,269360517291271,2017-01-19,126.69331175120485,101_0
840,269360517291271,2017-01-02,70.56597773038399,101_0
841,269360517291271,2017-04-08,42.97119334305711,101_0
842,269360517291271,2017-06-02,194.03639548959674,101_1
843,269360517291271,2017-04-16,97.31082470816877,101_1
844,269360517291271,2017-02-22,12.862415306250771,101_0
845,269360517291271,2017-09-22,182.7344240491242,101_2
846,269360517291271,2017-08-03,56.07075137850202,101_2
847,269360517291271,2017-02-09,20.726121260694285,101_0
848,269360517291271,2017-09-11,98.30127901073823,101_1
849,269360517291271,2017-06-22,53.677083452056074,101_0
850,269360517291271,2017-05-16,171.21523772547263,101_0
851,269360517291271,2017-04-20,44.168802912279865,101_1
852,269360517291271,2017-06-30,100.95977929856913,101_0
853,269360517291271,2017-03-30,18.761848390246808,101_0
854,269360517291271,2017-07-20,151.33231420641673,101_0
855,447459383366603,2017-02-18,109.61460902127729,835_0
856,447459383366603,2017-01-14,76.06760963919598,835_0
857,447459383366603,2017-04-09,179.52561069338242,835_0
858,447459383366603,2017-02-21,78.12833416829946,835_0
859,447459383366603,2017-02-15,125.66977072474253,835_0
860,447459383366603,2017-09-16,119.0894246783795,835_0
861,447459383366603,2017-04-29,167.5667181633584,835_0
862,447459383366603,2017-09-01,116.11359416854265,835_0
863,447459383366603,2017-09-28,22.35898807062573,835_0
864,447459383366603,2017-06-24,168.5106095374451,835_0
865,447459383366603,2017-07-01,95.11748543624873,835_0
866,447459383366603,2017-09-25,83.73662364630616,835_0
867,447459383366603,2017-06-23,81.62143540057569,835_0
868,447459383366603,2017-08-29,157.342344302342,835_0
869,201420922527636,2017-01-23,24.64693414453497,995_0
870,201420922527636,2017-05-14,17.820036652846596,995_2
871,201420922527636,2017-02-11,115.52702710340529,995_1
872,201420922527636,2017-06-19,143.4301977207788,995_1
873,201420922527636,2017-08-11,134.1184823743727,995_2
874,201420922527636,2017-06-28,146.08804663665015,995_1
875,201420922527636,2017-07-13,70.91511823941332,995_0
876,201420922527636,2017-04-10,120.27004682781308,995_1
877,201420922527636,2017-10-03,48.95073410898216,995_0
878,107605532676168,2017-02-23,44.211811982363756,461_0
879,107605532676168,2017-06-08,62.04712065725535,461_2
880,107605532676168,2017-03-11,140.94657041606763,461_1
881,107605532676168,2017-01-07,132.18050389117766,461_0
882,492098096898733,2017-07-10,162.82662287304117,717_0
883,492098096898733,2017-05-12,42.12797898105644,717_0
884,757785737851209,2017-07-10,67.11561985374773,121_0
885,757785737851209,2017-06-01,183.6449028224536,121_0
886,757785737851209,2017-01-20,34.0287408027574,121_0
887,757785737851209,2017-07-22,155.4720200617425,121_0
888,757785737851209,2017-08-04,174.53076680940012,121_0
889,757785737851209,2017-04-02,199.1160817344767,121_0
890,757785737851209,2017-07-15,67.03733674313276,121_0
891,757785737851209,2017-02-05,83.66005938839375,121_0
892,757785737851209,2017-09-26,31.72335842923611,121_0
893,757785737851209,2017-09-26,77.13595944840883,121_0
894,757785737851209,2017-09-06,115.73929630818749,121_0
895,757785737851209,2017-09-19,165.75591608702769,121_0
896,757785737851209,2017-02-11,60.34993873092868,121_0
897,757785737851209,2017-05-14,24.890254640660707,121_0
898,757785737851209,2017-06-01,185.00960162227915,121_0
899,757785737851209,2017-08-01,105.74835656885267,121_0
900,757785737851209,2017-04-09,129.39923512731502,121_0
901,757785737851209,2017-02-23,93.11558458670874,121_0
902,132463102910469,2017-07-30,194.89777028892172,351_1
903,132463102910469,2017-06-06,35.89720569977639,351_1
904,132463102910469,2017-06-13,46.7955713621904,351_1
905,132463102910469,2017-02-28,44.440609282796295,351_0
906,132463102910469,2017-03-12,25.09879432440134,351_0
907,132463102910469,2017-04-25,133.94228905174276,351_0
908,132463102910469,2017-06-25,13.077679635388877,351_0
909,132463102910469,2017-03-17,65.56269743298253,351_0
910,132463102910469,2017-03-13,138.74537904897068,351_0
911,132463102910469,2017-09-05,119.39846970922632,351_0
912,132463102910469,2017-10-02,125.58334502413898,351_0
913,132463102910469,2017-05-18,178.09804002567333,351_0
914,132463102910469,2017-01-04,118.69681662574003,351_0
915,132463102910469,2017-09-23,151.09638605944542,351_0
916,132463102910469,2017-04-10,87.66750892483641,351_0
917,132463102910469,2017-09-22,150.66696812776345,351_1
